{
    "numOfRgbLeds": [
        2,4,8,10,12,16,20,24 
    ],
    "rainbowModes":[
        {
            "label":"フェードモード", 
            "data":0
        }, 
        {
            "label":"色を変更", 
            "data":1
        }, 
        {
            "label":"ページめくり", 
            "data":2
        }, 
        {
            "label":"常時点灯", 
            "data":3
        }, 
        {
            "label":"フェード点灯", 
            "data":4
        }
    ]
    
}